,,,,,,,,,,,,,,,,,,,,,,,,,,,,,,,,,,,,,,,,,,
,Name,Type,TypeID,M.Type,Unk4-0,TTI,TTI2,Price,Weight,Size,Mana,Slots,Durability,Components,Shop 1,Shop 2,Shop 3,Shop 4,Shop 5,Dec.,M. Absorb.,M. Piercing,M. Slashing,M. Bludg.,M. Termal,M. Chemic,M. Electric,M. General,Unk21-8,A. Absorb.,A. Piercing,A. Slashing,A. Bludg.,A. Termal,A. Chemic,A. Electric,A. General,Unk22-8,Apply Wounds,Wear Order,Unk25-0,Unk26-0
,FLD0-0,FLD1-0,FLD2-0,FLD3-0,FLD4-0,FLD5-0,FLD6-0,FLD7-0,FLD8-0,FLD9-0,FLD10-0,FLD11-0,FLD12-0,FLD13-0,FLD14-0,FLD14-1,FLD14-2,FLD14-3,FLD14-4,FLD15-0,FLD21-0,FLD21-1,FLD21-2,FLD21-3,FLD21-4,FLD21-5,FLD21-6,FLD21-7,FLD21-8,FLD22-0,FLD22-1,FLD22-2,FLD22-3,FLD22-4,FLD22-5,FLD22-6,FLD22-7,FLD22-8,FLD23-0,FLD24-0,FLD25-0,FLD26-0
,gipat low prototype,shirt,3.0,Leather,0.0,0.0,0.0,140.0,0.0,0.0,3.0,1.0,66.0,0.0,0.0,0.0,0.0,0.0,0.0,1.0,0.66,1.0,1.0,1.0,1.0,1.0,1.0,1.0,0.0,0.66,1.0,1.0,1.0,1.0,1.0,1.0,1.0,0.0,1.0,0.0,000000,0000000000000000
,gipat low shirt,shirt,3.0,Leather,0.0,0.0,0.0,16.0,30.0,30.0,3.0,1.0,398.0,8.0,0.0,0.0,0.0,0.0,0.0,1.0,0.66,1.0,1.0,1.0,1.0,1.0,1.0,1.0,0.0,0.0,1.0,1.0,1.0,1.0,1.0,1.0,1.0,0.0,1.0,0.0,000000,0000000000000000
,gipat low pants,pants,4.0,Leather,0.0,0.0,0.0,16.0,20.0,20.0,2.0,1.0,199.0,6.0,0.0,0.0,0.0,0.0,0.0,1.0,0.66,1.0,1.0,1.0,1.0,1.0,1.0,1.0,0.0,0.66,1.0,1.0,1.0,1.0,1.0,1.0,1.0,0.0,1.0,0.0,000000,0000000000000000
,gipat low boots,boots,5.0,Leather,0.0,0.0,0.0,12.0,3.0,3.0,1.0,1.0,199.0,3.0,0.0,0.0,0.0,0.0,0.0,1.0,0.66,1.0,1.0,1.0,1.0,1.0,1.0,1.0,0.0,0.66,1.0,1.0,1.0,1.0,1.0,1.0,1.0,0.0,1.0,0.0,000000,0000000000000000
,gipat low gloves,gloves,6.0,Leather,0.0,0.0,0.0,12.0,1.0,1.0,1.0,1.0,199.0,1.0,0.0,0.0,0.0,0.0,0.0,1.0,0.66,1.0,1.0,1.0,1.0,1.0,1.0,1.0,0.0,0.66,1.0,1.0,1.0,1.0,1.0,1.0,1.0,0.0,1.0,0.0,000000,0000000000000000
,gipat low helm,helm,0.0,Leather,0.0,7.0,0.0,20.0,3.0,3.0,2.0,1.0,133.0,3.0,1.0,0.0,0.0,0.0,0.0,1.0,1.33,1.0,1.0,1.0,1.0,1.0,1.0,1.0,0.0,1.33,1.0,1.0,1.0,1.0,1.0,1.0,1.0,0.0,1.0,0.0,000000,0000000000000000
,gipat low plate,plate,1.0,Leather,0.0,7.0,0.0,40.0,30.0,30.0,3.0,1.0,796.0,8.0,1.0,0.0,0.0,0.0,0.0,1.0,1.33,1.0,1.0,1.0,1.0,1.0,1.0,1.0,0.0,0.0,1.0,1.0,1.0,1.0,1.0,1.0,1.0,0.0,1.0,0.0,000000,0000000000000000
,gipat low leggins,leggings,2.0,Leather,0.0,7.0,0.0,40.0,30.0,30.0,2.0,1.0,398.0,8.0,1.0,0.0,0.0,0.0,0.0,1.0,1.33,1.0,1.0,1.0,1.0,1.0,1.0,1.0,0.0,1.33,1.0,1.0,1.0,1.0,1.0,1.0,1.0,0.0,1.0,0.0,000000,0000000000000000
,gipat medium prototype,shirt,3.0,Leather,0.0,0.0,0.0,280.0,0.0,0.0,6.0,2.0,70.0,0.0,0.0,0.0,0.0,0.0,0.0,1.0,0.7,1.0,1.0,1.0,1.0,1.0,1.0,1.0,0.0,0.7,1.0,1.0,1.0,1.0,1.0,1.0,1.0,0.0,1.0,0.0,000000,0000000000000000
,gipat medium shirt,shirt,3.0,Leather,0.0,0.0,0.0,40.0,30.0,30.0,6.0,2.0,417.0,8.0,1.0,0.0,0.0,0.0,0.0,1.0,0.7,1.0,1.0,1.0,1.0,1.0,1.0,1.0,0.0,0.0,1.0,1.0,1.0,1.0,1.0,1.0,1.0,0.0,1.0,0.0,000000,0000000000000000
,gipat medium pants,pants,4.0,Leather,0.0,0.0,0.0,40.0,20.0,20.0,3.0,2.0,209.0,6.0,1.0,0.0,0.0,0.0,0.0,1.0,0.7,1.0,1.0,1.0,1.0,1.0,1.0,1.0,0.0,0.7,1.0,1.0,1.0,1.0,1.0,1.0,1.0,0.0,1.0,0.0,000000,0000000000000000
,gipat medium boots,boots,5.0,Leather,0.0,0.0,0.0,24.0,3.0,3.0,2.0,2.0,209.0,3.0,1.0,0.0,0.0,0.0,0.0,1.0,0.7,1.0,1.0,1.0,1.0,1.0,1.0,1.0,0.0,0.7,1.0,1.0,1.0,1.0,1.0,1.0,1.0,0.0,1.0,0.0,000000,0000000000000000
,gipat medium gloves,gloves,6.0,Leather,0.0,0.0,0.0,24.0,1.0,1.0,2.0,2.0,209.0,1.0,1.0,0.0,0.0,0.0,0.0,1.0,0.7,1.0,1.0,1.0,1.0,1.0,1.0,1.0,0.0,0.7,1.0,1.0,1.0,1.0,1.0,1.0,1.0,0.0,1.0,0.0,000000,0000000000000000
,gipat medium helm,helm,0.0,Leather,0.0,5.0,0.0,40.0,3.0,3.0,3.0,2.0,139.0,3.0,1.0,0.0,0.0,0.0,0.0,1.0,1.39,1.0,1.0,1.0,1.0,1.0,1.0,1.0,0.0,1.39,1.0,1.0,1.0,1.0,1.0,1.0,1.0,0.0,1.0,0.0,000000,0000000000000000
,gipat medium plate,plate,1.0,Leather,0.0,5.0,0.0,70.0,30.0,30.0,6.0,2.0,835.0,8.0,1.0,0.0,0.0,0.0,0.0,1.0,1.39,1.0,1.0,1.0,1.0,1.0,1.0,1.0,0.0,1.39,1.0,1.0,1.0,1.0,1.0,1.0,1.0,0.0,1.0,0.0,000000,0000000000000000
,gipat medium leggins,leggings,2.0,Leather,0.0,5.0,0.0,70.0,30.0,30.0,3.0,2.0,417.0,8.0,1.0,0.0,0.0,0.0,0.0,1.0,1.39,1.0,1.0,1.0,1.0,1.0,1.0,1.0,0.0,1.39,1.0,1.0,1.0,1.0,1.0,1.0,1.0,0.0,1.0,0.0,000000,0000000000000000
,gipat brigand prototype,shirt,3.0,Fur,0.0,0.0,0.0,600.0,0.0,0.0,9.0,3.0,73.0,0.0,0.0,0.0,0.0,0.0,0.0,1.0,0.73,1.0,1.0,1.0,1.0,1.0,1.0,1.0,0.0,0.73,1.0,1.0,1.0,1.0,1.0,1.0,1.0,0.0,1.0,0.0,000000,0000000000000000
,gipat brigand shirt,shirt,3.0,Fur,0.0,4.0,0.0,70.0,30.0,30.0,9.0,3.0,438.0,8.0,0.0,0.0,0.0,0.0,0.0,1.0,0.73,1.0,1.0,1.0,1.0,1.0,1.0,1.0,0.0,0.0,1.0,1.0,1.0,1.0,1.0,1.0,1.0,0.0,1.0,0.0,000000,0000000000000000
,gipat brigand pants,pants,4.0,Fur,0.0,4.0,0.0,70.0,20.0,20.0,5.0,3.0,219.0,6.0,0.0,0.0,0.0,0.0,0.0,1.0,0.73,1.0,1.0,1.0,1.0,1.0,1.0,1.0,0.0,0.73,1.0,1.0,1.0,1.0,1.0,1.0,1.0,0.0,1.0,0.0,000000,0000000000000000
,gipat brigand boots,boots,5.0,Fur,0.0,4.0,0.0,50.0,3.0,3.0,3.0,3.0,219.0,3.0,0.0,0.0,0.0,0.0,0.0,1.0,0.73,1.0,1.0,1.0,1.0,1.0,1.0,1.0,0.0,0.73,1.0,1.0,1.0,1.0,1.0,1.0,1.0,0.0,1.0,0.0,000000,0000000000000000
,gipat brigand gloves,gloves,6.0,Fur,0.0,4.0,0.0,50.0,1.0,1.0,3.0,3.0,219.0,1.0,0.0,0.0,0.0,0.0,0.0,1.0,0.73,1.0,1.0,1.0,1.0,1.0,1.0,1.0,0.0,0.73,1.0,1.0,1.0,1.0,1.0,1.0,1.0,0.0,1.0,0.0,000000,0000000000000000
,gipat brigand helm,helm,0.0,Fur,0.0,4.0,0.0,80.0,3.0,3.0,5.0,3.0,146.0,3.0,0.0,0.0,0.0,0.0,0.0,1.0,1.46,1.0,1.0,1.0,1.0,1.0,1.0,1.0,0.0,1.46,1.0,1.0,1.0,1.0,1.0,1.0,1.0,0.0,1.0,0.0,000000,0000000000000000
,gipat brigand plate,plate,1.0,Fur,0.0,4.0,0.0,130.0,30.0,30.0,9.0,3.0,876.0,8.0,0.0,0.0,0.0,0.0,0.0,1.0,1.46,1.0,1.0,1.0,1.0,1.0,1.0,1.0,0.0,1.46,1.0,1.0,1.0,1.0,1.0,1.0,1.0,0.0,1.0,0.0,000000,0000000000000000
,gipat brigand leggins,leggings,2.0,Fur,0.0,4.0,0.0,130.0,30.0,30.0,5.0,3.0,438.0,8.0,0.0,0.0,0.0,0.0,0.0,1.0,1.46,1.0,1.0,1.0,1.0,1.0,1.0,1.0,0.0,1.46,1.0,1.0,1.0,1.0,1.0,1.0,1.0,0.0,1.0,0.0,000000,0000000000000000
,gipat high prototype,shirt,3.0,Leather,0.0,0.0,0.0,1200.0,0.0,0.0,12.0,4.0,77.0,0.0,0.0,0.0,0.0,0.0,0.0,1.0,0.77,1.0,1.0,1.0,1.0,1.0,1.0,1.0,0.0,0.77,1.0,1.0,1.0,1.0,1.0,1.0,1.0,0.0,1.0,0.0,000000,0000000000000000
,gipat high shirt,shirt,3.0,Leather,0.0,1.0,0.0,130.0,30.0,30.0,12.0,4.0,459.0,8.0,1.0,0.0,0.0,0.0,0.0,1.0,0.77,1.0,1.0,1.0,1.0,1.0,1.0,1.0,0.0,0.0,1.0,1.0,1.0,1.0,1.0,1.0,1.0,0.0,1.0,0.0,000000,0000000000000000
,gipat high pants,pants,4.0,Leather,0.0,1.0,0.0,130.0,20.0,20.0,6.0,4.0,230.0,6.0,1.0,0.0,0.0,0.0,0.0,1.0,0.77,1.0,1.0,1.0,1.0,1.0,1.0,1.0,0.0,0.77,1.0,1.0,1.0,1.0,1.0,1.0,1.0,0.0,1.0,0.0,000000,0000000000000000
,gipat high boots,boots,5.0,Leather,0.0,1.0,0.0,100.0,3.0,3.0,4.0,4.0,230.0,3.0,1.0,0.0,0.0,0.0,0.0,1.0,0.77,1.0,1.0,1.0,1.0,1.0,1.0,1.0,0.0,0.77,1.0,1.0,1.0,1.0,1.0,1.0,1.0,0.0,1.0,0.0,000000,0000000000000000
,gipat high gloves,gloves,6.0,Leather,0.0,1.0,0.0,100.0,1.0,1.0,4.0,4.0,230.0,1.0,1.0,0.0,0.0,0.0,0.0,1.0,0.77,1.0,1.0,1.0,1.0,1.0,1.0,1.0,0.0,0.77,1.0,1.0,1.0,1.0,1.0,1.0,1.0,0.0,1.0,0.0,000000,0000000000000000
,gipat high helm,helm,0.0,Leather,0.0,6.0,0.0,160.0,3.0,3.0,6.0,4.0,153.0,3.0,1.0,0.0,0.0,0.0,0.0,1.0,1.53,1.0,1.0,1.0,1.0,1.0,1.0,1.0,0.0,1.53,1.0,1.0,1.0,1.0,1.0,1.0,1.0,0.0,1.0,0.0,000000,0000000000000000
,gipat high plate,plate,1.0,Leather,0.0,6.0,0.0,260.0,30.0,30.0,12.0,4.0,918.0,8.0,1.0,0.0,0.0,0.0,0.0,1.0,1.53,1.0,1.0,1.0,1.0,1.0,1.0,1.0,0.0,1.53,1.0,1.0,1.0,1.0,1.0,1.0,1.0,0.0,1.0,0.0,000000,0000000000000000
,gipat high leggins,leggings,2.0,Leather,0.0,6.0,0.0,260.0,30.0,30.0,6.0,4.0,459.0,8.0,1.0,0.0,0.0,0.0,0.0,1.0,1.53,1.0,1.0,1.0,1.0,1.0,1.0,1.0,0.0,1.53,1.0,1.0,1.0,1.0,1.0,1.0,1.0,0.0,1.0,0.0,000000,0000000000000000
,gipat highest prototype,shirt,3.0,Leather,0.0,0.0,0.0,5000.0,0.0,0.0,18.0,6.0,84.0,0.0,0.0,0.0,0.0,0.0,0.0,1.0,0.84,1.0,1.0,1.0,1.0,1.0,1.0,1.0,0.0,0.84,1.0,1.0,1.0,1.0,1.0,1.0,1.0,0.0,1.0,0.0,000000,0000000000000000
,gipat highest shirt,shirt,3.0,Leather,0.0,2.0,0.0,600.0,30.0,30.0,18.0,6.0,505.0,8.0,0.0,0.0,0.0,0.0,0.0,1.0,0.84,1.0,1.0,1.0,1.0,1.0,1.0,1.0,0.0,0.84,1.0,1.0,1.0,1.0,1.0,1.0,1.0,0.0,1.0,0.0,000000,0000000000000000
,gipat highest pants,pants,4.0,Leather,0.0,2.0,0.0,600.0,20.0,20.0,9.0,6.0,253.0,6.0,0.0,0.0,0.0,0.0,0.0,1.0,0.84,1.0,1.0,1.0,1.0,1.0,1.0,1.0,0.0,0.84,1.0,1.0,1.0,1.0,1.0,1.0,1.0,0.0,1.0,0.0,000000,0000000000000000
,gipat highest boots,boots,5.0,Leather,0.0,2.0,0.0,400.0,3.0,3.0,6.0,6.0,253.0,3.0,0.0,0.0,0.0,0.0,0.0,1.0,0.84,1.0,1.0,1.0,1.0,1.0,1.0,1.0,0.0,0.84,1.0,1.0,1.0,1.0,1.0,1.0,1.0,0.0,1.0,0.0,000000,0000000000000000
,gipat highest gloves,gloves,6.0,Leather,0.0,2.0,0.0,400.0,1.0,1.0,6.0,6.0,253.0,1.0,0.0,0.0,0.0,0.0,0.0,1.0,0.84,1.0,1.0,1.0,1.0,1.0,1.0,1.0,0.0,0.84,1.0,1.0,1.0,1.0,1.0,1.0,1.0,0.0,1.0,0.0,000000,0000000000000000
,gipat highest helm,helm,0.0,Leather,0.0,12.0,0.0,700.0,3.0,3.0,9.0,6.0,168.0,3.0,0.0,0.0,0.0,0.0,0.0,1.0,1.68,1.0,1.0,1.0,1.0,1.0,1.0,1.0,0.0,1.68,1.0,1.0,1.0,1.0,1.0,1.0,1.0,0.0,1.0,0.0,000000,0000000000000000
,gipat highest plate,plate,1.0,Leather,0.0,12.0,0.0,1100.0,30.0,30.0,18.0,6.0,1010.0,8.0,0.0,0.0,0.0,0.0,0.0,1.0,1.68,1.0,1.0,1.0,1.0,1.0,1.0,1.0,0.0,1.68,1.0,1.0,1.0,1.0,1.0,1.0,1.0,0.0,1.0,0.0,000000,0000000000000000
,gipat highest leggins,leggings,2.0,Leather,0.0,12.0,0.0,1100.0,30.0,30.0,9.0,6.0,505.0,8.0,0.0,0.0,0.0,0.0,0.0,1.0,1.68,1.0,1.0,1.0,1.0,1.0,1.0,1.0,0.0,1.68,1.0,1.0,1.0,1.0,1.0,1.0,1.0,0.0,1.0,0.0,000000,0000000000000000
,kania low prototype,shirt,3.0,Cloth,0.0,0.0,0.0,70.0,0.0,0.0,0.0,0.0,63.0,0.0,0.0,0.0,0.0,0.0,0.0,1.0,0.63,1.0,1.0,1.0,1.0,1.0,1.0,1.0,0.0,0.63,1.0,1.0,1.0,1.0,1.0,1.0,1.0,0.0,1.0,0.0,000000,0000000000000000
,kania low shirt,shirt,3.0,Cloth,0.0,10.0,0.0,8.0,30.0,30.0,0.0,0.0,379.0,8.0,0.0,0.0,0.0,0.0,0.0,1.0,0.63,1.0,1.0,1.0,1.0,1.0,1.0,1.0,0.0,0.63,1.0,1.0,1.0,1.0,1.0,1.0,1.0,0.0,1.0,0.0,000000,0000000000000000
,kania low pants,pants,4.0,Cloth,0.0,10.0,0.0,8.0,20.0,20.0,0.0,0.0,190.0,6.0,0.0,0.0,0.0,0.0,0.0,1.0,0.63,1.0,1.0,1.0,1.0,1.0,1.0,1.0,0.0,0.63,1.0,1.0,1.0,1.0,1.0,1.0,1.0,0.0,1.0,0.0,000000,0000000000000000
,kania low boots,boots,5.0,Cloth,0.0,10.0,0.0,6.0,3.0,3.0,0.0,0.0,190.0,3.0,0.0,0.0,0.0,0.0,0.0,1.0,0.63,1.0,1.0,1.0,1.0,1.0,1.0,1.0,0.0,0.63,1.0,1.0,1.0,1.0,1.0,1.0,1.0,0.0,1.0,0.0,000000,0000000000000000
,kania low gloves,gloves,6.0,Cloth,0.0,10.0,0.0,6.0,1.0,1.0,0.0,0.0,190.0,1.0,0.0,0.0,0.0,0.0,0.0,1.0,0.63,1.0,1.0,1.0,1.0,1.0,1.0,1.0,0.0,0.63,1.0,1.0,1.0,1.0,1.0,1.0,1.0,0.0,1.0,0.0,000000,0000000000000000
,kania low helm,helm,0.0,Leather,0.0,15.0,0.0,10.0,3.0,3.0,0.0,0.0,126.0,3.0,0.0,0.0,0.0,0.0,0.0,1.0,1.26,1.0,1.0,1.0,1.0,1.0,1.0,1.0,0.0,1.26,1.0,1.0,1.0,1.0,1.0,1.0,1.0,0.0,0.0,0.0,000000,0000000000000000
,kania low plate,plate,1.0,Leather,0.0,15.0,0.0,16.0,30.0,30.0,0.0,0.0,759.0,8.0,0.0,0.0,0.0,0.0,0.0,1.0,1.26,1.0,1.0,1.0,1.0,1.0,1.0,1.0,0.0,1.26,1.0,1.0,1.0,1.0,1.0,1.0,1.0,0.0,0.0,1.0,000000,0000000000000000
,kania low leggins,leggings,2.0,Leather,0.0,15.0,0.0,16.0,30.0,30.0,0.0,0.0,379.0,8.0,0.0,0.0,0.0,0.0,0.0,1.0,1.26,1.0,1.0,1.0,1.0,1.0,1.0,1.0,0.0,1.26,1.0,1.0,1.0,1.0,1.0,1.0,1.0,0.0,0.0,0.0,000000,0000000000000000
,kania medium prototype,shirt,3.0,Cloth,0.0,0.0,0.0,280.0,0.0,0.0,6.0,2.0,70.0,0.0,0.0,0.0,0.0,0.0,0.0,1.0,0.7,1.0,1.0,1.0,1.0,1.0,1.0,1.0,0.0,0.7,1.0,1.0,1.0,1.0,1.0,1.0,1.0,0.0,1.0,0.0,000000,0000000000000000
,kania medium shirt,shirt,3.0,Cloth,0.0,11.0,0.0,40.0,30.0,30.0,6.0,2.0,417.0,8.0,0.0,0.0,1.0,0.0,0.0,1.0,0.7,1.0,1.0,1.0,1.0,1.0,1.0,1.0,0.0,0.7,1.0,1.0,1.0,1.0,1.0,1.0,1.0,0.0,1.0,0.0,000000,0000000000000000
,kania medium pants,pants,4.0,Cloth,0.0,11.0,0.0,40.0,20.0,20.0,3.0,2.0,209.0,6.0,0.0,0.0,1.0,0.0,0.0,1.0,0.7,1.0,1.0,1.0,1.0,1.0,1.0,1.0,0.0,0.7,1.0,1.0,1.0,1.0,1.0,1.0,1.0,0.0,1.0,0.0,000000,0000000000000000
,kania medium boots,boots,5.0,Cloth,0.0,11.0,0.0,24.0,3.0,3.0,2.0,2.0,209.0,3.0,0.0,0.0,1.0,0.0,0.0,1.0,0.7,1.0,1.0,1.0,1.0,1.0,1.0,1.0,0.0,0.7,1.0,1.0,1.0,1.0,1.0,1.0,1.0,0.0,1.0,0.0,000000,0000000000000000
,kania medium gloves,gloves,6.0,Cloth,0.0,11.0,0.0,24.0,1.0,1.0,2.0,2.0,209.0,1.0,0.0,0.0,1.0,0.0,0.0,1.0,0.7,1.0,1.0,1.0,1.0,1.0,1.0,1.0,0.0,0.7,1.0,1.0,1.0,1.0,1.0,1.0,1.0,0.0,1.0,0.0,000000,0000000000000000
,kania medium helm,helm,0.0,Cloth,0.0,11.0,0.0,40.0,3.0,3.0,3.0,2.0,139.0,3.0,0.0,0.0,1.0,0.0,0.0,1.0,1.39,1.0,1.0,1.0,1.0,1.0,1.0,1.0,0.0,1.39,1.0,1.0,1.0,1.0,1.0,1.0,1.0,0.0,0.0,0.0,000000,0000000000000000
,kania medium plate,plate,1.0,Cloth,0.0,11.0,0.0,70.0,30.0,30.0,6.0,2.0,835.0,8.0,0.0,0.0,1.0,0.0,0.0,1.0,1.39,1.0,1.0,1.0,1.0,1.0,1.0,1.0,0.0,1.39,1.0,1.0,1.0,1.0,1.0,1.0,1.0,0.0,0.0,1.0,000000,0000000000000000
,kania medium leggins,leggings,2.0,Cloth,0.0,11.0,0.0,70.0,30.0,30.0,3.0,2.0,417.0,8.0,0.0,0.0,1.0,0.0,0.0,1.0,1.39,1.0,1.0,1.0,1.0,1.0,1.0,1.0,0.0,1.39,1.0,1.0,1.0,1.0,1.0,1.0,1.0,0.0,0.0,0.0,000000,0000000000000000
,kania brigand prototype,shirt,3.0,Leather,0.0,0.0,0.0,9000.0,0.0,0.0,21.0,7.0,88.0,0.0,0.0,0.0,0.0,0.0,0.0,1.0,0.88,1.0,1.0,1.0,1.0,1.0,1.0,1.0,0.0,0.88,1.0,1.0,1.0,1.0,1.0,1.0,1.0,0.0,1.0,0.0,000000,0000000000000000
,kania brigand shirt,shirt,3.0,Leather,0.0,6.0,0.0,1100.0,30.0,30.0,21.0,7.0,530.0,8.0,0.0,0.0,1.0,0.0,0.0,1.0,0.88,1.0,1.0,1.0,1.0,1.0,1.0,1.0,0.0,0.88,1.0,1.0,1.0,1.0,1.0,1.0,1.0,0.0,1.0,0.0,000000,0000000000000000
,kania brigand pants,pants,4.0,Leather,0.0,6.0,0.0,1100.0,20.0,20.0,11.0,7.0,265.0,6.0,0.0,0.0,1.0,0.0,0.0,1.0,0.88,1.0,1.0,1.0,1.0,1.0,1.0,1.0,0.0,0.88,1.0,1.0,1.0,1.0,1.0,1.0,1.0,0.0,1.0,0.0,000000,0000000000000000
,kania brigand boots,boots,5.0,Leather,0.0,6.0,0.0,800.0,3.0,3.0,7.0,7.0,265.0,3.0,0.0,0.0,1.0,0.0,0.0,1.0,0.88,1.0,1.0,1.0,1.0,1.0,1.0,1.0,0.0,0.88,1.0,1.0,1.0,1.0,1.0,1.0,1.0,0.0,1.0,0.0,000000,0000000000000000
,kania brigand gloves,gloves,6.0,Leather,0.0,6.0,0.0,800.0,1.0,1.0,7.0,7.0,265.0,1.0,0.0,0.0,1.0,0.0,0.0,1.0,0.88,1.0,1.0,1.0,1.0,1.0,1.0,1.0,0.0,0.88,1.0,1.0,1.0,1.0,1.0,1.0,1.0,0.0,1.0,0.0,000000,0000000000000000
,kania brigand helm,helm,0.0,Leather,0.0,15.0,1.0,1300.0,3.0,3.0,11.0,7.0,177.0,3.0,0.0,0.0,1.0,0.0,0.0,1.0,1.77,1.0,1.0,1.0,1.0,1.0,1.0,1.0,0.0,1.77,1.0,1.0,1.0,1.0,1.0,1.0,1.0,0.0,0.0,0.0,000000,0000000000000000
,kania brigand plate,plate,1.0,Leather,0.0,15.0,1.0,2100.0,30.0,30.0,21.0,7.0,1059.0,8.0,0.0,0.0,1.0,0.0,0.0,1.0,1.77,1.0,1.0,1.0,1.0,1.0,1.0,1.0,0.0,1.77,1.0,1.0,1.0,1.0,1.0,1.0,1.0,0.0,0.0,1.0,000000,0000000000000000
,kania brigand leggins,leggings,2.0,Leather,0.0,15.0,1.0,2100.0,30.0,30.0,11.0,7.0,530.0,8.0,0.0,0.0,1.0,0.0,0.0,1.0,1.77,1.0,1.0,1.0,1.0,1.0,1.0,1.0,0.0,1.77,1.0,1.0,1.0,1.0,1.0,1.0,1.0,0.0,0.0,0.0,000000,0000000000000000
,kania high prototype,shirt,3.0,Hide,0.0,0.0,0.0,18000.0,0.0,0.0,24.0,8.0,93.0,0.0,0.0,0.0,0.0,0.0,0.0,1.0,0.93,1.0,1.0,1.0,1.0,1.0,1.0,1.0,0.0,0.93,1.0,1.0,1.0,1.0,1.0,1.0,1.0,0.0,1.0,0.0,000000,0000000000000000
,kania high shirt,shirt,3.0,Hide,0.0,16.0,0.0,2100.0,30.0,30.0,24.0,8.0,556.0,8.0,0.0,0.0,1.0,0.0,0.0,1.0,0.93,1.0,1.0,1.0,1.0,1.0,1.0,1.0,0.0,0.93,1.0,1.0,1.0,1.0,1.0,1.0,1.0,0.0,1.0,0.0,000000,000000000000fe00
,kania high pants,pants,4.0,Hide,0.0,16.0,0.0,2100.0,20.0,20.0,12.0,8.0,278.0,6.0,0.0,0.0,1.0,0.0,0.0,1.0,0.93,1.0,1.0,1.0,1.0,1.0,1.0,1.0,0.0,0.93,1.0,1.0,1.0,1.0,1.0,1.0,1.0,0.0,1.0,0.0,000000,000000000000fe00
,kania high boots,boots,5.0,Hide,0.0,16.0,0.0,1600.0,3.0,3.0,8.0,8.0,278.0,3.0,0.0,0.0,1.0,0.0,0.0,1.0,0.93,1.0,1.0,1.0,1.0,1.0,1.0,1.0,0.0,0.93,1.0,1.0,1.0,1.0,1.0,1.0,1.0,0.0,1.0,0.0,000000,000000000000fe00
,kania high gloves,gloves,6.0,Hide,0.0,16.0,0.0,1600.0,1.0,1.0,8.0,8.0,278.0,1.0,0.0,0.0,1.0,0.0,0.0,1.0,0.93,1.0,1.0,1.0,1.0,1.0,1.0,1.0,0.0,0.93,1.0,1.0,1.0,1.0,1.0,1.0,1.0,0.0,1.0,0.0,000000,000000000000fe00
,kania high helm,helm,0.0,Metal,0.0,9.0,0.0,2600.0,3.0,3.0,12.0,8.0,185.0,3.0,0.0,0.0,1.0,0.0,0.0,1.0,1.85,1.0,1.0,1.0,1.0,1.0,1.0,1.0,0.0,1.85,1.0,1.0,1.0,1.0,1.0,1.0,1.0,0.0,0.0,0.0,000000,000000000000fc00
,kania high plate,plate,1.0,Metal,0.0,9.0,0.0,5000.0,30.0,30.0,24.0,8.0,1111.0,8.0,0.0,0.0,1.0,0.0,0.0,1.0,1.85,1.0,1.0,1.0,1.0,1.0,1.0,1.0,0.0,1.85,1.0,1.0,1.0,1.0,1.0,1.0,1.0,0.0,0.0,0.0,000000,000000000000fc00
,kania high leggins,leggings,2.0,Metal,0.0,9.0,0.0,5000.0,30.0,30.0,12.0,8.0,556.0,8.0,0.0,0.0,1.0,0.0,0.0,1.0,1.85,1.0,1.0,1.0,1.0,1.0,1.0,1.0,0.0,1.85,1.0,1.0,1.0,1.0,1.0,1.0,1.0,0.0,0.0,0.0,000000,000000000000fc00
,kania highest prototype,shirt,3.0,Metal,0.0,0.0,0.0,80000.0,0.0,0.0,30.0,10.0,102.0,0.0,0.0,0.0,0.0,0.0,0.0,1.0,1.02,1.0,1.0,1.0,1.0,1.0,1.0,1.0,0.0,1.02,1.0,1.0,1.0,1.0,1.0,1.0,1.0,0.0,1.0,0.0,000000,0000000000000000
,kania highest shirt,shirt,3.0,Metal,0.0,8.0,0.0,9000.0,30.0,30.0,30.0,10.0,611.0,8.0,0.0,0.0,1.0,0.0,0.0,1.0,1.02,1.0,1.0,1.0,1.0,1.0,1.0,1.0,0.0,1.02,1.0,1.0,1.0,1.0,1.0,1.0,1.0,0.0,1.0,0.0,000000,000000000000fe00
,kania highest pants,pants,4.0,Metal,0.0,8.0,0.0,9000.0,20.0,20.0,15.0,10.0,306.0,6.0,0.0,0.0,1.0,0.0,0.0,1.0,1.02,1.0,1.0,1.0,1.0,1.0,1.0,1.0,0.0,1.02,1.0,1.0,1.0,1.0,1.0,1.0,1.0,0.0,1.0,0.0,000000,000000000000fe00
,kania highest boots,boots,5.0,Metal,0.0,8.0,0.0,7000.0,3.0,3.0,10.0,10.0,306.0,3.0,0.0,0.0,1.0,0.0,0.0,1.0,1.02,1.0,1.0,1.0,1.0,1.0,1.0,1.0,0.0,1.02,1.0,1.0,1.0,1.0,1.0,1.0,1.0,0.0,1.0,0.0,000000,000000000000fe00
,kania highest gloves,gloves,6.0,Metal,0.0,8.0,0.0,7000.0,1.0,1.0,10.0,10.0,306.0,1.0,0.0,0.0,1.0,0.0,0.0,1.0,1.02,1.0,1.0,1.0,1.0,1.0,1.0,1.0,0.0,1.02,1.0,1.0,1.0,1.0,1.0,1.0,1.0,0.0,1.0,0.0,000000,000000000000fe00
,kania highest helm,helm,0.0,Metal,0.0,3.0,0.0,11000.0,3.0,3.0,15.0,10.0,204.0,3.0,0.0,0.0,1.0,0.0,0.0,1.0,2.04,1.0,1.0,1.0,1.0,1.0,1.0,1.0,0.0,2.04,1.0,1.0,1.0,1.0,1.0,1.0,1.0,0.0,0.0,0.0,000000,000000000000fc00
,kania highest plate,plate,1.0,Metal,0.0,3.0,0.0,17000.0,30.0,30.0,30.0,10.0,1222.0,8.0,0.0,0.0,1.0,0.0,0.0,1.0,2.04,1.0,1.0,1.0,1.0,1.0,1.0,1.0,0.0,2.04,1.0,1.0,1.0,1.0,1.0,1.0,1.0,0.0,0.0,0.0,000000,000000000000fc00
,kania highest leggins,leggings,2.0,Metal,0.0,3.0,0.0,17000.0,30.0,30.0,15.0,10.0,611.0,8.0,0.0,0.0,1.0,0.0,0.0,1.0,2.04,1.0,1.0,1.0,1.0,1.0,1.0,1.0,0.0,2.04,1.0,1.0,1.0,1.0,1.0,1.0,1.0,0.0,0.0,0.0,000000,000000000000fc00
,kania high2 prototype,shirt,3.0,Metal,0.0,0.0,0.0,40000.0,0.0,0.0,27.0,9.0,97.0,0.0,0.0,0.0,0.0,0.0,0.0,1.0,0.97,1.0,1.0,1.0,1.0,1.0,1.0,1.0,0.0,0.97,1.0,1.0,1.0,1.0,1.0,1.0,1.0,0.0,1.0,0.0,000000,0000000000000000
,kania high2 shirt,shirt,3.0,Metal,0.0,9.0,0.0,5000.0,30.0,30.0,27.0,9.0,583.0,8.0,0.0,0.0,0.0,0.0,0.0,1.0,0.97,1.0,1.0,1.0,1.0,1.0,1.0,1.0,0.0,0.0,1.0,1.0,1.0,1.0,1.0,1.0,1.0,0.0,1.0,0.0,000000,000000000000fe00
,kania high2 pants,pants,4.0,Metal,0.0,9.0,0.0,5000.0,20.0,20.0,14.0,9.0,291.0,6.0,0.0,0.0,0.0,0.0,0.0,1.0,0.97,1.0,1.0,1.0,1.0,1.0,1.0,1.0,0.0,0.97,1.0,1.0,1.0,1.0,1.0,1.0,1.0,0.0,1.0,0.0,000000,000000000000fe00
,kania high2 boots,boots,5.0,Metal,0.0,9.0,0.0,3100.0,3.0,3.0,9.0,9.0,291.0,3.0,0.0,0.0,0.0,0.0,0.0,1.0,0.97,1.0,1.0,1.0,1.0,1.0,1.0,1.0,0.0,0.97,1.0,1.0,1.0,1.0,1.0,1.0,1.0,0.0,1.0,0.0,000000,000000000000fe00
,kania high2 gloves,gloves,6.0,Metal,0.0,9.0,0.0,3100.0,1.0,1.0,9.0,9.0,291.0,1.0,0.0,0.0,0.0,0.0,0.0,1.0,0.97,1.0,1.0,1.0,1.0,1.0,1.0,1.0,0.0,0.97,1.0,1.0,1.0,1.0,1.0,1.0,1.0,0.0,1.0,0.0,000000,000000000000fe00
,kania high2 helm,helm,0.0,Metal,0.0,1.0,0.0,6000.0,3.0,3.0,14.0,9.0,194.0,3.0,0.0,0.0,0.0,0.0,0.0,1.0,1.94,1.0,1.0,1.0,1.0,1.0,1.0,1.0,0.0,1.94,1.0,1.0,1.0,1.0,1.0,1.0,1.0,0.0,0.0,0.0,000000,000000000000fc00
,kania high2 plate,plate,1.0,Metal,0.0,1.0,0.0,9000.0,30.0,30.0,27.0,9.0,1165.0,8.0,0.0,0.0,0.0,0.0,0.0,1.0,1.94,1.0,1.0,1.0,1.0,1.0,1.0,1.0,0.0,1.94,1.0,1.0,1.0,1.0,1.0,1.0,1.0,0.0,0.0,0.0,000000,000000000000fc00
,kania high2 leggins,leggings,2.0,Metal,0.0,1.0,0.0,9000.0,30.0,30.0,14.0,9.0,583.0,8.0,0.0,0.0,0.0,0.0,0.0,1.0,1.94,1.0,1.0,1.0,1.0,1.0,1.0,1.0,0.0,1.94,1.0,1.0,1.0,1.0,1.0,1.0,1.0,0.0,0.0,0.0,000000,000000000000fc00
,kania highest2 prototype,shirt,3.0,Metal,0.0,0.0,0.0,150000.0,0.0,0.0,33.0,11.0,107.0,0.0,0.0,0.0,0.0,0.0,0.0,1.0,1.07,1.0,1.0,1.0,1.0,1.0,1.0,1.0,0.0,1.07,1.0,1.0,1.0,1.0,1.0,1.0,1.0,0.0,1.0,0.0,000000,0000000000000000
,kania highest2 shirt,shirt,3.0,Metal,0.0,-1.0,0.0,17000.0,30.0,30.0,33.0,11.0,641.0,8.0,0.0,0.0,0.0,0.0,0.0,1.0,1.07,1.0,1.0,1.0,1.0,1.0,1.0,1.0,0.0,1.07,1.0,1.0,1.0,1.0,1.0,1.0,1.0,0.0,1.0,0.0,000000,000000000000fe00
,kania highest2 pants,pants,4.0,Metal,0.0,-1.0,0.0,17000.0,20.0,20.0,17.0,11.0,320.0,6.0,0.0,0.0,0.0,0.0,0.0,1.0,1.07,1.0,1.0,1.0,1.0,1.0,1.0,1.0,0.0,1.07,1.0,1.0,1.0,1.0,1.0,1.0,1.0,0.0,1.0,0.0,000000,000000000000fe00
,kania highest2 boots,boots,5.0,Metal,0.0,-1.0,0.0,13000.0,3.0,3.0,11.0,11.0,320.0,3.0,0.0,0.0,0.0,0.0,0.0,1.0,1.07,1.0,1.0,1.0,1.0,1.0,1.0,1.0,0.0,1.07,1.0,1.0,1.0,1.0,1.0,1.0,1.0,0.0,1.0,0.0,000000,000000000000fe00
,kania highest2 gloves,gloves,6.0,Metal,0.0,-1.0,0.0,13000.0,1.0,1.0,11.0,11.0,320.0,1.0,0.0,0.0,0.0,0.0,0.0,1.0,1.07,1.0,1.0,1.0,1.0,1.0,1.0,1.0,0.0,1.07,1.0,1.0,1.0,1.0,1.0,1.0,1.0,0.0,1.0,0.0,000000,000000000000fe00
,kania highest2 helm,helm,0.0,Metal,0.0,1.0,1.0,21000.0,3.0,3.0,17.0,11.0,214.0,3.0,0.0,0.0,0.0,0.0,0.0,1.0,2.14,1.0,1.0,1.0,1.0,1.0,1.0,1.0,0.0,2.14,1.0,1.0,1.0,1.0,1.0,1.0,1.0,0.0,0.0,0.0,000000,000000000000fc00
,kania highest2 plate,plate,1.0,Metal,0.0,1.0,1.0,40000.0,30.0,30.0,33.0,11.0,1282.0,8.0,0.0,0.0,0.0,0.0,0.0,1.0,2.14,1.0,1.0,1.0,1.0,1.0,1.0,1.0,0.0,2.14,1.0,1.0,1.0,1.0,1.0,1.0,1.0,0.0,0.0,0.0,000000,000000000000fc00
,kania highest2 leggins,leggings,2.0,Metal,0.0,1.0,1.0,40000.0,30.0,30.0,17.0,11.0,641.0,8.0,0.0,0.0,0.0,0.0,0.0,1.0,2.14,1.0,1.0,1.0,1.0,1.0,1.0,1.0,0.0,2.14,1.0,1.0,1.0,1.0,1.0,1.0,1.0,0.0,0.0,0.0,000000,000000000000fc00
,hadagan low prototype,shirt,3.0,Cloth,0.0,0.0,0.0,70.0,0.0,0.0,0.0,0.0,63.0,0.0,0.0,0.0,0.0,0.0,0.0,1.0,0.63,1.0,1.0,1.0,1.0,1.0,1.0,1.0,0.0,0.63,1.0,1.0,1.0,1.0,1.0,1.0,1.0,0.0,1.0,0.0,000000,0000000000000000
,hadagan low shirt,shirt,3.0,Cloth,0.0,12.0,0.0,8.0,30.0,30.0,0.0,0.0,379.0,8.0,0.0,0.0,0.0,0.0,0.0,1.0,0.75,1.0,1.0,1.0,1.0,1.0,1.0,1.0,0.0,0.0,1.0,1.0,1.0,1.0,1.0,1.0,1.0,0.0,1.0,0.0,000000,000000000000fe00
,hadagan low pants,pants,4.0,Cloth,0.0,12.0,0.0,8.0,20.0,20.0,0.0,0.0,190.0,6.0,0.0,0.0,0.0,0.0,0.0,1.0,0.75,1.0,1.0,1.0,1.0,1.0,1.0,1.0,0.0,0.75,1.0,1.0,1.0,1.0,1.0,1.0,1.0,0.0,1.0,0.0,000000,000000000000fe00
,hadagan low boots,boots,5.0,Cloth,0.0,12.0,0.0,6.0,3.0,3.0,0.0,0.0,190.0,3.0,0.0,0.0,0.0,0.0,0.0,1.0,0.75,1.0,1.0,1.0,1.0,1.0,1.0,1.0,0.0,0.75,1.0,1.0,1.0,1.0,1.0,1.0,1.0,0.0,1.0,0.0,000000,000000000000fe00
,hadagan low gloves,gloves,6.0,Cloth,0.0,12.0,0.0,6.0,1.0,1.0,0.0,0.0,190.0,1.0,0.0,0.0,0.0,0.0,0.0,1.0,0.75,1.0,1.0,1.0,1.0,1.0,1.0,1.0,0.0,0.75,1.0,1.0,1.0,1.0,1.0,1.0,1.0,0.0,1.0,0.0,000000,000000000000fe00
,hadagan low helm,helm,0.0,Leather,0.0,5.0,1.0,10.0,3.0,3.0,0.0,0.0,126.0,3.0,0.0,0.0,0.0,0.0,0.0,1.0,1.26,1.0,1.0,1.0,1.0,1.0,1.0,1.0,0.0,1.26,1.0,1.0,1.0,1.0,1.0,1.0,1.0,0.0,1.0,0.0,000000,000000000000fc00
,hadagan low plate,plate,1.0,Leather,0.0,5.0,1.0,16.0,30.0,30.0,0.0,0.0,759.0,8.0,0.0,0.0,0.0,0.0,0.0,1.0,1.26,1.0,1.0,1.0,1.0,1.0,1.0,1.0,0.0,0.0,1.0,1.0,1.0,1.0,1.0,1.0,1.0,0.0,1.0,0.0,000000,000000000000fc00
,hadagan low leggins,leggings,2.0,Leather,0.0,5.0,1.0,16.0,30.0,30.0,0.0,0.0,379.0,8.0,0.0,0.0,0.0,0.0,0.0,1.0,1.26,1.0,1.0,1.0,1.0,1.0,1.0,1.0,0.0,1.26,1.0,1.0,1.0,1.0,1.0,1.0,1.0,0.0,1.0,0.0,000000,000000000000fc00
,hadagan medium prototype,shirt,3.0,Cloth,0.0,0.0,0.0,600.0,0.0,0.0,9.0,3.0,73.0,0.0,0.0,0.0,0.0,0.0,0.0,1.0,0.73,1.0,1.0,1.0,1.0,1.0,1.0,1.0,0.0,0.73,1.0,1.0,1.0,1.0,1.0,1.0,1.0,0.0,1.0,0.0,000000,0000000000000000
,hadagan medium shirt,shirt,3.0,Cloth,0.0,13.0,0.0,70.0,30.0,30.0,9.0,3.0,438.0,8.0,0.0,0.0,0.0,1.0,0.0,1.0,0.73,1.0,1.0,1.0,1.0,1.0,1.0,1.0,0.0,0.73,1.0,1.0,1.0,1.0,1.0,1.0,1.0,0.0,1.0,0.0,000000,000000000000fe00
,hadagan medium pants,pants,4.0,Cloth,0.0,13.0,0.0,70.0,20.0,20.0,5.0,3.0,219.0,6.0,0.0,0.0,0.0,1.0,0.0,1.0,0.73,1.0,1.0,1.0,1.0,1.0,1.0,1.0,0.0,0.73,1.0,1.0,1.0,1.0,1.0,1.0,1.0,0.0,1.0,0.0,000000,000000000000fe00
,hadagan medium boots,boots,5.0,Cloth,0.0,13.0,0.0,50.0,3.0,3.0,3.0,3.0,219.0,3.0,0.0,0.0,0.0,1.0,0.0,1.0,0.73,1.0,1.0,1.0,1.0,1.0,1.0,1.0,0.0,0.73,1.0,1.0,1.0,1.0,1.0,1.0,1.0,0.0,1.0,0.0,000000,000000000000fe00
,hadagan medium gloves,gloves,6.0,Cloth,0.0,13.0,0.0,50.0,1.0,1.0,3.0,3.0,219.0,1.0,0.0,0.0,0.0,1.0,0.0,1.0,0.73,1.0,1.0,1.0,1.0,1.0,1.0,1.0,0.0,0.73,1.0,1.0,1.0,1.0,1.0,1.0,1.0,0.0,1.0,0.0,000000,000000000000fe00
,hadagan medium helm,helm,0.0,Cloth,0.0,10.0,0.0,80.0,3.0,3.0,5.0,3.0,146.0,3.0,0.0,0.0,0.0,1.0,0.0,1.0,1.46,1.0,1.0,1.0,1.0,1.0,1.0,1.0,0.0,1.46,1.0,1.0,1.0,1.0,1.0,1.0,1.0,0.0,0.0,0.0,000000,000000000000fc00
,hadagan medium plate,plate,1.0,Cloth,0.0,10.0,0.0,130.0,30.0,30.0,9.0,3.0,876.0,8.0,0.0,0.0,0.0,1.0,0.0,1.0,1.46,1.0,1.0,1.0,1.0,1.0,1.0,1.0,0.0,1.46,1.0,1.0,1.0,1.0,1.0,1.0,1.0,0.0,0.0,0.0,000000,000000000000fc00
,hadagan medium leggins,leggings,2.0,Cloth,0.0,10.0,0.0,130.0,30.0,30.0,5.0,3.0,438.0,8.0,0.0,0.0,0.0,1.0,0.0,1.0,1.46,1.0,1.0,1.0,1.0,1.0,1.0,1.0,0.0,1.46,1.0,1.0,1.0,1.0,1.0,1.0,1.0,0.0,0.0,0.0,000000,000000000000fc00
,hadagan brigand prototype,shirt,3.0,Leather,0.0,0.0,0.0,290000.0,0.0,0.0,36.0,12.0,112.0,0.0,0.0,0.0,0.0,0.0,0.0,1.0,1.12,1.0,1.0,1.0,1.0,1.0,1.0,1.0,0.0,1.12,1.0,1.0,1.0,1.0,1.0,1.0,1.0,0.0,1.0,0.0,000000,0000000000000000
,hadagan brigand shirt,shirt,3.0,Leather,0.0,7.0,0.0,40000.0,30.0,30.0,36.0,12.0,672.0,8.0,0.0,0.0,0.0,1.0,0.0,1.0,1.12,1.0,1.0,1.0,1.0,1.0,1.0,1.0,0.0,0.0,1.0,1.0,1.0,1.0,1.0,1.0,1.0,0.0,1.0,0.0,000000,000000000000fe00
,hadagan brigand pants,pants,4.0,Leather,0.0,7.0,0.0,40000.0,20.0,20.0,18.0,12.0,336.0,6.0,0.0,0.0,0.0,1.0,0.0,1.0,1.12,1.0,1.0,1.0,1.0,1.0,1.0,1.0,0.0,1.12,1.0,1.0,1.0,1.0,1.0,1.0,1.0,0.0,1.0,0.0,000000,000000000000fe00
,hadagan brigand boots,boots,5.0,Leather,0.0,7.0,0.0,25000.0,3.0,3.0,12.0,12.0,336.0,3.0,0.0,0.0,0.0,1.0,0.0,1.0,1.12,1.0,1.0,1.0,1.0,1.0,1.0,1.0,0.0,1.12,1.0,1.0,1.0,1.0,1.0,1.0,1.0,0.0,1.0,0.0,000000,000000000000fe00
,hadagan brigand gloves,gloves,6.0,Leather,0.0,7.0,0.0,25000.0,1.0,1.0,12.0,12.0,336.0,1.0,0.0,0.0,0.0,1.0,0.0,1.0,1.12,1.0,1.0,1.0,1.0,1.0,1.0,1.0,0.0,1.12,1.0,1.0,1.0,1.0,1.0,1.0,1.0,0.0,1.0,0.0,000000,000000000000fe00
,hadagan brigand helm,helm,0.0,Leather,0.0,6.0,1.0,50000.0,3.0,3.0,18.0,12.0,224.0,3.0,0.0,0.0,0.0,1.0,0.0,1.0,2.24,1.0,1.0,1.0,1.0,1.0,1.0,1.0,0.0,2.24,1.0,1.0,1.0,1.0,1.0,1.0,1.0,0.0,0.0,0.0,000000,000000000000fc00
,hadagan brigand plate,plate,1.0,Leather,0.0,6.0,1.0,70000.0,30.0,30.0,36.0,12.0,1345.0,8.0,0.0,0.0,0.0,1.0,0.0,1.0,2.24,1.0,1.0,1.0,1.0,1.0,1.0,1.0,0.0,2.24,1.0,1.0,1.0,1.0,1.0,1.0,1.0,0.0,0.0,0.0,000000,000000000000fc00
,hadagan brigand leggins,leggings,2.0,Leather,0.0,6.0,1.0,70000.0,30.0,30.0,18.0,12.0,672.0,8.0,0.0,0.0,0.0,1.0,0.0,1.0,2.24,1.0,1.0,1.0,1.0,1.0,1.0,1.0,0.0,2.24,1.0,1.0,1.0,1.0,1.0,1.0,1.0,0.0,0.0,0.0,000000,000000000000fc00
,hadagan high prototype,shirt,3.0,Hide,0.0,0.0,0.0,600000.0,0.0,0.0,39.0,13.0,118.0,0.0,0.0,0.0,0.0,0.0,0.0,1.0,1.18,1.0,1.0,1.0,1.0,1.0,1.0,1.0,0.0,1.18,1.0,1.0,1.0,1.0,1.0,1.0,1.0,0.0,1.0,0.0,000000,0000000000000000
,hadagan high shirt,shirt,3.0,Hide,0.0,17.0,0.0,70000.0,30.0,30.0,39.0,13.0,705.0,8.0,0.0,0.0,0.0,1.0,0.0,1.0,1.18,1.0,1.0,1.0,1.0,1.0,1.0,1.0,0.0,1.18,1.0,1.0,1.0,1.0,1.0,1.0,1.0,0.0,1.0,0.0,000000,000000000000fe00
,hadagan high pants,pants,4.0,Hide,0.0,17.0,0.0,70000.0,20.0,20.0,20.0,13.0,353.0,6.0,0.0,0.0,0.0,1.0,0.0,1.0,1.18,1.0,1.0,1.0,1.0,1.0,1.0,1.0,0.0,1.18,1.0,1.0,1.0,1.0,1.0,1.0,1.0,0.0,1.0,0.0,000000,000000000000fe00
,hadagan high boots,boots,5.0,Hide,0.0,17.0,0.0,50000.0,3.0,3.0,13.0,13.0,353.0,3.0,0.0,0.0,0.0,1.0,0.0,1.0,1.18,1.0,1.0,1.0,1.0,1.0,1.0,1.0,0.0,1.18,1.0,1.0,1.0,1.0,1.0,1.0,1.0,0.0,1.0,0.0,000000,000000000000fe00
,hadagan high gloves,gloves,6.0,Hide,0.0,17.0,0.0,50000.0,1.0,1.0,13.0,13.0,353.0,1.0,0.0,0.0,0.0,1.0,0.0,1.0,1.18,1.0,1.0,1.0,1.0,1.0,1.0,1.0,0.0,1.18,1.0,1.0,1.0,1.0,1.0,1.0,1.0,0.0,1.0,0.0,000000,000000000000fe00
,hadagan high helm,helm,0.0,Metal,0.0,14.0,0.0,90000.0,3.0,3.0,20.0,13.0,235.0,3.0,0.0,0.0,0.0,1.0,0.0,1.0,2.35,1.0,1.0,1.0,1.0,1.0,1.0,1.0,0.0,2.35,1.0,1.0,1.0,1.0,1.0,1.0,1.0,0.0,0.0,0.0,000000,000000000000fc00
,hadagan high plate,plate,1.0,Metal,0.0,14.0,0.0,140000.0,30.0,30.0,39.0,13.0,1410.0,8.0,0.0,0.0,0.0,1.0,0.0,1.0,2.35,1.0,1.0,1.0,1.0,1.0,1.0,1.0,0.0,2.35,1.0,1.0,1.0,1.0,1.0,1.0,1.0,0.0,0.0,0.0,000000,000000000000fc00
,hadagan high leggins,leggings,2.0,Metal,0.0,14.0,0.0,140000.0,30.0,30.0,20.0,13.0,705.0,8.0,0.0,0.0,0.0,1.0,0.0,1.0,2.35,1.0,1.0,1.0,1.0,1.0,1.0,1.0,0.0,2.35,1.0,1.0,1.0,1.0,1.0,1.0,1.0,0.0,0.0,0.0,000000,000000000000fc00
,hadagan highest prototype,shirt,3.0,Metal,0.0,0.0,0.0,2300000.0,0.0,0.0,45.0,15.0,129.0,0.0,0.0,0.0,0.0,0.0,0.0,1.0,1.29,1.0,1.0,1.0,1.0,1.0,1.0,1.0,0.0,1.29,1.0,1.0,1.0,1.0,1.0,1.0,1.0,0.0,1.0,0.0,000000,0000000000000000
,hadagan highest shirt,shirt,3.0,Metal,0.0,15.0,0.0,270000.0,30.0,30.0,45.0,15.0,776.0,8.0,0.0,0.0,0.0,1.0,0.0,1.0,1.29,1.0,1.0,1.0,1.0,1.0,1.0,1.0,0.0,1.29,1.0,1.0,1.0,1.0,1.0,1.0,1.0,0.0,1.0,0.0,000000,000000000000fe00
,hadagan highest pants,pants,4.0,Metal,0.0,15.0,0.0,270000.0,20.0,20.0,23.0,15.0,388.0,6.0,0.0,0.0,0.0,1.0,0.0,1.0,1.29,1.0,1.0,1.0,1.0,1.0,1.0,1.0,0.0,1.29,1.0,1.0,1.0,1.0,1.0,1.0,1.0,0.0,1.0,0.0,000000,000000000000fe00
,hadagan highest boots,boots,5.0,Metal,0.0,15.0,0.0,200000.0,3.0,3.0,15.0,15.0,388.0,3.0,0.0,0.0,0.0,1.0,0.0,1.0,1.29,1.0,1.0,1.0,1.0,1.0,1.0,1.0,0.0,1.29,1.0,1.0,1.0,1.0,1.0,1.0,1.0,0.0,1.0,0.0,000000,000000000000fe00
,hadagan highest gloves,gloves,6.0,Metal,0.0,15.0,0.0,200000.0,1.0,1.0,15.0,15.0,388.0,1.0,0.0,0.0,0.0,1.0,0.0,1.0,1.29,1.0,1.0,1.0,1.0,1.0,1.0,1.0,0.0,1.29,1.0,1.0,1.0,1.0,1.0,1.0,1.0,0.0,1.0,0.0,000000,000000000000fe00
,hadagan highest helm,helm,0.0,Metal,0.0,8.0,0.0,400000.0,3.0,3.0,23.0,15.0,259.0,3.0,0.0,0.0,0.0,1.0,0.0,1.0,2.59,1.0,1.0,1.0,1.0,1.0,1.0,1.0,0.0,2.59,1.0,1.0,1.0,1.0,1.0,1.0,1.0,0.0,0.0,0.0,000000,000000000000fc00
,hadagan highest plate,plate,1.0,Metal,0.0,8.0,0.0,600000.0,30.0,30.0,45.0,15.0,1551.0,8.0,0.0,0.0,0.0,1.0,0.0,1.0,2.59,1.0,1.0,1.0,1.0,1.0,1.0,1.0,0.0,2.59,1.0,1.0,1.0,1.0,1.0,1.0,1.0,0.0,0.0,0.0,000000,000000000000fc00
,hadagan highest leggins,leggings,2.0,Metal,0.0,8.0,0.0,600000.0,30.0,30.0,23.0,15.0,776.0,8.0,0.0,0.0,0.0,1.0,0.0,1.0,2.59,1.0,1.0,1.0,1.0,1.0,1.0,1.0,0.0,2.59,1.0,1.0,1.0,1.0,1.0,1.0,1.0,0.0,0.0,0.0,000000,000000000000fc00
,hadagan high2 prototype,shirt,3.0,Metal,0.0,0.0,0.0,1200000.0,0.0,0.0,42.0,14.0,123.0,0.0,0.0,0.0,0.0,0.0,0.0,1.0,1.23,1.0,1.0,1.0,1.0,1.0,1.0,1.0,0.0,1.23,1.0,1.0,1.0,1.0,1.0,1.0,1.0,0.0,1.0,0.0,000000,0000000000000000
,hadagan high2 shirt,shirt,3.0,Metal,0.0,14.0,0.0,140000.0,30.0,30.0,42.0,14.0,739.0,8.0,0.0,0.0,0.0,0.0,0.0,1.0,1.23,1.0,1.0,1.0,1.0,1.0,1.0,1.0,0.0,0.0,1.0,1.0,1.0,1.0,1.0,1.0,1.0,0.0,1.0,0.0,000000,000000000000fe00
,hadagan high2 pants,pants,4.0,Metal,0.0,14.0,0.0,140000.0,20.0,20.0,21.0,14.0,370.0,6.0,0.0,0.0,0.0,0.0,0.0,1.0,1.23,1.0,1.0,1.0,1.0,1.0,1.0,1.0,0.0,1.23,1.0,1.0,1.0,1.0,1.0,1.0,1.0,0.0,1.0,0.0,000000,000000000000fe00
,hadagan high2 boots,boots,5.0,Metal,0.0,14.0,0.0,100000.0,3.0,3.0,14.0,14.0,370.0,3.0,0.0,0.0,0.0,0.0,0.0,1.0,1.23,1.0,1.0,1.0,1.0,1.0,1.0,1.0,0.0,1.23,1.0,1.0,1.0,1.0,1.0,1.0,1.0,0.0,1.0,0.0,000000,000000000000fe00
,hadagan high2 gloves,gloves,6.0,Metal,0.0,14.0,0.0,100000.0,1.0,1.0,14.0,14.0,370.0,1.0,0.0,0.0,0.0,0.0,0.0,1.0,1.23,1.0,1.0,1.0,1.0,1.0,1.0,1.0,0.0,1.23,1.0,1.0,1.0,1.0,1.0,1.0,1.0,0.0,1.0,0.0,000000,000000000000fe00
,hadagan high2 helm,helm,0.0,Metal,0.0,2.0,0.0,170000.0,3.0,3.0,21.0,14.0,246.0,3.0,0.0,0.0,0.0,0.0,0.0,1.0,2.46,1.0,1.0,1.0,1.0,1.0,1.0,1.0,0.0,2.46,1.0,1.0,1.0,1.0,1.0,1.0,1.0,0.0,0.0,0.0,000000,000000000000fc00
,hadagan high2 plate,plate,1.0,Metal,0.0,2.0,0.0,270000.0,30.0,30.0,42.0,14.0,1479.0,8.0,0.0,0.0,0.0,0.0,0.0,1.0,2.46,1.0,1.0,1.0,1.0,1.0,1.0,1.0,0.0,2.46,1.0,1.0,1.0,1.0,1.0,1.0,1.0,0.0,0.0,0.0,000000,000000000000fc00
,hadagan high2 leggins,leggings,2.0,Metal,0.0,2.0,0.0,270000.0,30.0,30.0,21.0,14.0,739.0,8.0,0.0,0.0,0.0,0.0,0.0,1.0,2.46,1.0,1.0,1.0,1.0,1.0,1.0,1.0,0.0,2.46,1.0,1.0,1.0,1.0,1.0,1.0,1.0,0.0,0.0,0.0,000000,000000000000fc00
,hadagan highest2 prototype,shirt,3.0,Metal,0.0,0.0,0.0,5000000.0,0.0,0.0,48.0,16.0,136.0,0.0,0.0,0.0,0.0,0.0,0.0,1.0,1.36,1.0,1.0,1.0,1.0,1.0,1.0,1.0,0.0,1.36,1.0,1.0,1.0,1.0,1.0,1.0,1.0,0.0,1.0,0.0,000000,0000000000000000
,hadagan highest2 shirt,shirt,3.0,Metal,0.0,-1.0,0.0,600000.0,30.0,30.0,48.0,16.0,813.0,8.0,0.0,0.0,0.0,0.0,0.0,1.0,1.36,1.0,1.0,1.0,1.0,1.0,1.0,1.0,0.0,1.36,1.0,1.0,1.0,1.0,1.0,1.0,1.0,0.0,1.0,0.0,000000,000000000000fe00
,hadagan highest2 pants,pants,4.0,Metal,0.0,-1.0,0.0,600000.0,20.0,20.0,24.0,16.0,407.0,6.0,0.0,0.0,0.0,0.0,0.0,1.0,1.36,1.0,1.0,1.0,1.0,1.0,1.0,1.0,0.0,1.36,1.0,1.0,1.0,1.0,1.0,1.0,1.0,0.0,1.0,0.0,000000,000000000000fe00
,hadagan highest2 boots,boots,5.0,Metal,0.0,-1.0,0.0,400000.0,3.0,3.0,16.0,16.0,407.0,3.0,0.0,0.0,0.0,0.0,0.0,1.0,1.36,1.0,1.0,1.0,1.0,1.0,1.0,1.0,0.0,1.36,1.0,1.0,1.0,1.0,1.0,1.0,1.0,0.0,1.0,0.0,000000,000000000000fe00
,hadagan highest2 gloves,gloves,6.0,Metal,0.0,-1.0,0.0,400000.0,1.0,1.0,16.0,16.0,407.0,1.0,0.0,0.0,0.0,0.0,0.0,1.0,1.36,1.0,1.0,1.0,1.0,1.0,1.0,1.0,0.0,1.36,1.0,1.0,1.0,1.0,1.0,1.0,1.0,0.0,1.0,0.0,000000,000000000000fe00
,hadagan highest2 helm,helm,0.0,Metal,0.0,2.0,1.0,700000.0,3.0,3.0,24.0,16.0,271.0,3.0,0.0,0.0,0.0,0.0,0.0,1.0,2.71,1.0,1.0,1.0,1.0,1.0,1.0,1.0,0.0,2.71,1.0,1.0,1.0,1.0,1.0,1.0,1.0,0.0,0.0,0.0,000000,000000000000fc00
,hadagan highest2 plate,plate,1.0,Metal,0.0,2.0,1.0,1100000.0,30.0,30.0,48.0,16.0,1627.0,8.0,0.0,0.0,0.0,0.0,0.0,1.0,2.71,1.0,1.0,1.0,1.0,1.0,1.0,1.0,0.0,2.71,1.0,1.0,1.0,1.0,1.0,1.0,1.0,0.0,0.0,0.0,000000,000000000000fc00
,hadagan highest2 leggins,leggings,2.0,Metal,0.0,2.0,1.0,1100000.0,30.0,30.0,24.0,16.0,813.0,8.0,0.0,0.0,0.0,0.0,0.0,1.0,2.71,1.0,1.0,1.0,1.0,1.0,1.0,1.0,0.0,2.71,1.0,1.0,1.0,1.0,1.0,1.0,1.0,0.0,0.0,0.0,000000,000000000000fc00
,jun high prototype,shirt,3.0,Crystal,0.0,0.0,0.0,80000000.0,0.0,0.0,60.0,20.0,164.0,0.0,0.0,0.0,0.0,0.0,0.0,1.0,1.64,1.0,1.0,1.0,1.0,1.0,1.0,1.0,0.0,1.64,1.0,1.0,1.0,1.0,1.0,1.0,1.0,0.0,1.0,0.0,000000,0000000000000000
,jun high shirt,shirt,3.0,Crystal,0.0,5.0,0.0,9000000.0,30.0,30.0,60.0,20.0,984.0,8.0,0.0,0.0,0.0,0.0,1.0,1.0,1.64,1.0,1.0,1.0,1.0,1.0,1.0,1.0,0.0,0.0,1.0,1.0,1.0,1.0,1.0,1.0,1.0,0.0,1.0,0.0,000000,000000000000ff00
,jun high pants,pants,4.0,Crystal,0.0,5.0,0.0,9000000.0,20.0,20.0,30.0,20.0,492.0,6.0,0.0,0.0,0.0,0.0,1.0,1.0,1.64,1.0,1.0,1.0,1.0,1.0,1.0,1.0,0.0,1.64,1.0,1.0,1.0,1.0,1.0,1.0,1.0,0.0,1.0,0.0,000000,000000000000ff00
,jun high boots,boots,5.0,Crystal,0.0,5.0,0.0,7000000.0,3.0,3.0,20.0,20.0,492.0,3.0,0.0,0.0,0.0,0.0,1.0,1.0,1.64,1.0,1.0,1.0,1.0,1.0,1.0,1.0,0.0,1.64,1.0,1.0,1.0,1.0,1.0,1.0,1.0,0.0,1.0,0.0,000000,000000000000ff00
,jun high gloves,gloves,6.0,Crystal,0.0,5.0,0.0,7000000.0,1.0,1.0,20.0,20.0,492.0,1.0,0.0,0.0,0.0,0.0,1.0,1.0,1.64,1.0,1.0,1.0,1.0,1.0,1.0,1.0,0.0,1.64,1.0,1.0,1.0,1.0,1.0,1.0,1.0,0.0,1.0,0.0,000000,000000000000ff00
,jun high helm,helm,0.0,Crystal,0.0,13.0,0.0,11000000.0,3.0,3.0,30.0,20.0,328.0,3.0,0.0,0.0,0.0,0.0,1.0,1.0,3.28,1.0,1.0,1.0,1.0,1.0,1.0,1.0,0.0,3.28,1.0,1.0,1.0,1.0,1.0,1.0,1.0,0.0,1.0,0.0,000000,000000000000fe00
,jun high plate,plate,1.0,Crystal,0.0,13.0,0.0,17000000.0,30.0,30.0,60.0,20.0,1969.0,8.0,0.0,0.0,0.0,0.0,1.0,1.0,3.28,1.0,1.0,1.0,1.0,1.0,1.0,1.0,0.0,3.28,1.0,1.0,1.0,1.0,1.0,1.0,1.0,0.0,1.0,1.0,000000,000000000000fe00
,jun high leggins,leggings,2.0,Crystal,0.0,13.0,0.0,17000000.0,30.0,30.0,30.0,20.0,984.0,8.0,0.0,0.0,0.0,0.0,1.0,1.0,3.28,1.0,1.0,1.0,1.0,1.0,1.0,1.0,0.0,3.28,1.0,1.0,1.0,1.0,1.0,1.0,1.0,0.0,1.0,0.0,000000,000000000000fe00
,kania special medium helm,helm,0.0,Cloth,0.0,11.0,1.0,400.0,3.0,3.0,0.0,5.0,557.897,3.0,0.0,0.0,0.0,0.0,0.0,1.0,1.60525,0.01,0.01,0.01,0.01,0.01,0.01,0.01,0.0,1.60525,0.01,0.01,0.01,0.01,0.01,0.01,0.01,0.0,0.0,0.0,000000,0000000000000000
,kania special medium plate,plate,1.0,Cloth,0.0,11.0,1.0,600.0,30.0,30.0,50.0,5.0,1764.23,8.0,0.0,0.0,0.0,0.0,0.0,1.0,1.60525,0.01,0.01,0.01,0.01,0.01,0.01,0.01,0.0,1.60525,0.01,0.01,0.01,0.01,0.01,0.01,0.01,0.0,0.0,1.0,000000,0000000000000000
,kania special medium leggins,leggings,2.0,Cloth,0.0,11.0,1.0,600.0,30.0,30.0,0.0,5.0,1764.23,8.0,0.0,0.0,0.0,0.0,0.0,1.0,1.60525,0.01,0.01,0.01,0.01,0.01,0.01,0.01,0.0,1.60525,0.01,0.01,0.01,0.01,0.01,0.01,0.01,0.0,0.0,0.0,000000,0000000000000000
,kania special highest plate,plate,1.0,Metal,0.0,3.0,1.0,17000.0,30.0,30.0,100.0,10.0,2841.3,8.0,0.0,0.0,0.0,0.0,0.0,1.0,2.03715,0.01,0.01,0.01,0.01,0.01,0.01,0.01,0.0,2.03715,0.01,0.01,0.01,0.01,0.01,0.01,0.01,0.0,0.0,0.0,000000,000000000000fc00
,kania special highest leggins,leggings,2.0,Metal,0.0,3.0,1.0,17000.0,30.0,30.0,50.0,10.0,2841.3,8.0,0.0,0.0,0.0,0.0,0.0,1.0,2.03715,0.01,0.01,0.01,0.01,0.01,0.01,0.01,0.0,2.03715,0.01,0.01,0.01,0.01,0.01,0.01,0.01,0.0,0.0,0.0,000000,000000000000fc00
,gipat special high plate,plate,1.0,Leather,0.0,6.0,2.0,260.0,30.0,30.0,40.0,4.0,1603.84,8.0,0.0,0.0,0.0,0.0,0.0,1.0,1.53054,0.01,0.01,0.01,0.01,0.01,0.01,0.01,0.0,1.53054,0.01,0.01,0.01,0.01,0.01,0.01,0.01,0.0,1.0,0.0,000000,0000000000000000
,gipat special highest helm,helm,0.0,Leather,0.0,12.0,1.0,700.0,3.0,3.0,10.0,6.0,613.687,3.0,0.0,0.0,0.0,0.0,0.0,1.0,1.6836,0.01,0.01,0.01,0.01,0.01,0.01,0.01,0.0,1.6836,0.01,0.01,0.01,0.01,0.01,0.01,0.01,0.0,1.0,0.0,000000,0000000000000000
,gipat special highest plate,plate,1.0,Leather,0.0,12.0,1.0,1100.0,30.0,30.0,60.0,6.0,1940.65,8.0,0.0,0.0,0.0,0.0,0.0,1.0,1.6836,0.01,0.01,0.01,0.01,0.01,0.01,0.01,0.0,1.6836,0.01,0.01,0.01,0.01,0.01,0.01,0.01,0.0,1.0,0.0,000000,0000000000000000
,gipat special highest leggins,leggings,2.0,Leather,0.0,12.0,1.0,1100.0,30.0,30.0,10.0,6.0,1940.65,8.0,0.0,0.0,0.0,0.0,0.0,1.0,1.6836,0.01,0.01,0.01,0.01,0.01,0.01,0.01,0.0,1.6836,0.01,0.01,0.01,0.01,0.01,0.01,0.01,0.0,1.0,0.0,000000,0000000000000000
,hadagan special brigand shirt,shirt,3.0,Leather,0.0,7.0,1.0,40000.0,30.0,30.0,120.0,12.0,3437.98,8.0,0.0,0.0,0.0,0.0,0.0,1.0,1.12043,0.01,0.01,0.01,0.01,0.01,0.01,0.01,0.0,0.0,0.01,0.01,0.01,0.01,0.01,0.01,0.01,0.0,1.0,0.0,000000,000000000000fe00
,hadagan special brigand pants,pants,4.0,Leather,0.0,7.0,1.0,40000.0,20.0,20.0,70.0,12.0,2807.1,6.0,0.0,0.0,0.0,0.0,0.0,1.0,1.12043,0.01,0.01,0.01,0.01,0.01,0.01,0.01,0.0,1.12043,0.01,0.01,0.01,0.01,0.01,0.01,0.01,0.0,1.0,0.0,000000,000000000000fe00
,hadagan special brigand leggins,leggings,2.0,Leather,0.0,6.0,2.0,70000.0,30.0,30.0,70.0,12.0,3437.98,8.0,0.0,0.0,0.0,0.0,0.0,1.0,2.24087,0.01,0.01,0.01,0.01,0.01,0.01,0.01,0.0,2.24087,0.01,0.01,0.01,0.01,0.01,0.01,0.01,0.0,0.0,0.0,000000,000000000000fc00
,gipat special brigand shirt,shirt,3.0,Fur,0.0,4.0,1.0,70.0,30.0,30.0,30.0,3.0,1458.04,8.0,0.0,0.0,0.0,0.0,0.0,1.0,0.729657,0.01,0.01,0.01,0.01,0.01,0.01,0.01,0.0,0.0,0.01,0.01,0.01,0.01,0.01,0.01,0.01,0.0,1.0,0.0,000000,0000000000000000
,gipat special brigand pants,pants,4.0,Fur,0.0,4.0,1.0,70.0,20.0,20.0,0.0,3.0,1190.48,6.0,0.0,0.0,0.0,0.0,0.0,1.0,0.729657,0.01,0.01,0.01,0.01,0.01,0.01,0.01,0.0,0.729657,0.01,0.01,0.01,0.01,0.01,0.01,0.01,0.0,1.0,0.0,000000,0000000000000000
,gipat special brigand helm,helm,0.0,Fur,0.0,4.0,1.0,80.0,3.0,3.0,0.0,3.0,461.072,3.0,0.0,0.0,0.0,0.0,0.0,1.0,1.45931,0.01,0.01,0.01,0.01,0.01,0.01,0.01,0.0,1.45931,0.01,0.01,0.01,0.01,0.01,0.01,0.01,0.0,1.0,0.0,000000,0000000000000000
,gipat special brigand plate,plate,1.0,Fur,0.0,4.0,1.0,130.0,30.0,30.0,30.0,3.0,1458.04,8.0,0.0,0.0,0.0,0.0,0.0,1.0,1.45931,0.01,0.01,0.01,0.01,0.01,0.01,0.01,0.0,1.45931,0.01,0.01,0.01,0.01,0.01,0.01,0.01,0.0,1.0,0.0,000000,0000000000000000
,uniqueingos prototype,shirt,3.0,Metal,0.0,0.0,0.0,80000.0,0.0,0.0,100.0,10.0,102.0,0.0,0.0,0.0,0.0,0.0,0.0,0.0,1.02,1.0,1.0,1.0,1.0,1.0,1.0,1.0,0.0,1.02,1.0,1.0,1.0,1.0,1.0,1.0,1.0,0.0,1.0,0.0,000000,0000000000000000
,uniqueingos shirt,shirt,3.0,Metal,0.0,8.0,0.0,9000.0,30.0,30.0,100.0,10.0,558.0,8.0,0.0,0.0,0.0,0.0,0.0,0.0,1.02,1.0,1.0,1.0,1.0,1.0,1.0,1.0,0.0,1.02,1.0,1.0,1.0,1.0,1.0,1.0,1.0,0.0,1.0,0.0,000000,000000000000fe00
,uniqueingos pants,pants,4.0,Metal,0.0,8.0,0.0,9000.0,20.0,20.0,50.0,10.0,456.0,6.0,0.0,0.0,0.0,0.0,0.0,0.0,1.02,1.0,1.0,1.0,1.0,1.0,1.0,1.0,0.0,1.02,1.0,1.0,1.0,1.0,1.0,1.0,1.0,0.0,1.0,0.0,000000,000000000000fe00
,uniqueingos boots,boots,5.0,Metal,0.0,8.0,0.0,7000.0,3.0,3.0,0.0,10.0,176.0,3.0,0.0,0.0,0.0,0.0,0.0,0.0,1.02,1.0,1.0,1.0,1.0,1.0,1.0,1.0,0.0,1.02,1.0,1.0,1.0,1.0,1.0,1.0,1.0,0.0,1.0,0.0,000000,000000000000fe00
,uniqueingos gloves,gloves,6.0,Metal,0.0,8.0,0.0,7000.0,1.0,1.0,0.0,10.0,102.0,1.0,0.0,0.0,0.0,0.0,0.0,0.0,1.02,1.0,1.0,1.0,1.0,1.0,1.0,1.0,0.0,1.02,1.0,1.0,1.0,1.0,1.0,1.0,1.0,0.0,1.0,0.0,000000,000000000000fe00
,uniqueingos helm,helm,0.0,Metal,0.0,3.0,1.0,-11200.0,3.0,3.0,117.0,39.0,300.0,3.0,0.0,0.0,0.0,0.0,0.0,0.0,1.87,1.0,1.0,1.0,1.0,1.0,1.0,1.0,0.0,1.87,1.0,1.0,1.0,1.0,1.0,1.0,1.0,0.0,0.0,0.0,000000,000000000000fc00
,uniqueingos plate,plate,1.0,Metal,0.0,1.0,2.0,-36500.0,10.0,30.0,117.0,39.0,2000.0,8.0,0.0,0.0,0.0,0.0,0.0,0.0,1.87,1.0,1.0,1.0,1.0,1.0,1.0,1.0,0.0,1.87,1.0,1.0,1.0,1.0,1.0,1.0,1.0,0.0,0.0,0.0,000000,000000000000fc00
,uniqueingos leggins,leggings,2.0,Metal,0.0,3.0,0.0,17000.0,30.0,30.0,50.0,39.0,558.0,8.0,0.0,0.0,0.0,0.0,0.0,0.0,2.04,1.0,1.0,1.0,1.0,1.0,1.0,1.0,0.0,2.04,1.0,1.0,1.0,1.0,1.0,1.0,1.0,0.0,0.0,0.0,000000,000000000000fc00
,uniquegipathadagan prototype,shirt,3.0,Metal,0.0,0.0,0.0,80000.0,0.0,0.0,100.0,10.0,102.0,0.0,0.0,0.0,0.0,0.0,0.0,0.0,1.02,1.0,1.0,1.0,1.0,1.0,1.0,1.0,0.0,1.02,1.0,1.0,1.0,1.0,1.0,1.0,1.0,0.0,1.0,0.0,000000,0000000000000000
,uniquegipathadagan shirt,shirt,3.0,Metal,0.0,8.0,0.0,9000.0,30.0,30.0,100.0,10.0,558.0,8.0,0.0,0.0,0.0,0.0,0.0,0.0,1.02,1.0,1.0,1.0,1.0,1.0,1.0,1.0,0.0,1.02,1.0,1.0,1.0,1.0,1.0,1.0,1.0,0.0,1.0,0.0,000000,000000000000fe00
,uniquegipathadagan pants,pants,4.0,Metal,0.0,8.0,0.0,9000.0,20.0,20.0,50.0,10.0,456.0,6.0,0.0,0.0,0.0,0.0,0.0,0.0,1.02,1.0,1.0,1.0,1.0,1.0,1.0,1.0,0.0,1.02,1.0,1.0,1.0,1.0,1.0,1.0,1.0,0.0,1.0,0.0,000000,000000000000fe00
,uniquegipathadagan boots,boots,5.0,Metal,0.0,8.0,0.0,7000.0,3.0,3.0,0.0,10.0,176.0,3.0,0.0,0.0,0.0,0.0,0.0,0.0,1.02,1.0,1.0,1.0,1.0,1.0,1.0,1.0,0.0,1.02,1.0,1.0,1.0,1.0,1.0,1.0,1.0,0.0,1.0,0.0,000000,000000000000fe00
,uniquegipathadagan gloves,gloves,6.0,Metal,0.0,8.0,0.0,7000.0,1.0,1.0,0.0,10.0,102.0,1.0,0.0,0.0,0.0,0.0,0.0,0.0,1.02,1.0,1.0,1.0,1.0,1.0,1.0,1.0,0.0,1.02,1.0,1.0,1.0,1.0,1.0,1.0,1.0,0.0,1.0,0.0,000000,000000000000fe00
,uniquegipathadagan helm,helm,0.0,Metal,0.0,16.0,0.0,-6400.0,3.0,3.0,23.0,41.0,200.0,3.0,0.0,0.0,0.0,0.0,0.0,0.0,2.06,1.0,1.0,1.0,1.0,1.0,1.0,1.0,0.0,2.06,1.0,1.0,1.0,1.0,1.0,1.0,1.0,0.0,0.0,0.0,000000,000000000000fc00
,uniquegipathadagan plate,plate,1.0,Metal,0.0,8.0,1.0,570000.0,10.0,30.0,458.0,86.0,3000.0,8.0,0.0,0.0,0.0,0.0,0.0,0.0,2.76,1.0,1.0,1.0,1.0,1.0,1.0,1.0,0.0,2.76,1.0,1.0,1.0,1.0,1.0,1.0,1.0,0.0,0.0,0.0,000000,000000000000fc00
,uniquegipathadagan leggins,leggings,2.0,Metal,0.0,3.0,0.0,17000.0,30.0,30.0,50.0,86.0,558.0,8.0,0.0,0.0,0.0,0.0,0.0,0.0,2.04,1.0,1.0,1.0,1.0,1.0,1.0,1.0,0.0,2.04,1.0,1.0,1.0,1.0,1.0,1.0,1.0,0.0,0.0,0.0,000000,000000000000fc00
